address	name	file	status
00401000	FUN_00401000	00401000_FUN_00401000.c	ok
004012d0	FUN_004012d0	004012d0_FUN_004012d0.c	ok
00401310	FUN_00401310	00401310_FUN_00401310.c	ok
004013b0	FUN_004013b0	004013b0_FUN_004013b0.c	ok
00401400	FUN_00401400	00401400_FUN_00401400.c	ok
00401760	FUN_00401760	00401760_FUN_00401760.c	ok
004017a0	FUN_004017a0	004017a0_FUN_004017a0.c	ok
004017c0	FUN_004017c0	004017c0_FUN_004017c0.c	ok
00401820	FUN_00401820	00401820_FUN_00401820.c	ok
004018c0	FUN_004018c0	004018c0_FUN_004018c0.c	ok
004019b0	FUN_004019b0	004019b0_FUN_004019b0.c	ok
00401a60	FUN_00401a60	00401a60_FUN_00401a60.c	ok
00401e10	FUN_00401e10	00401e10_FUN_00401e10.c	ok
00401ee0	FUN_00401ee0	00401ee0_FUN_00401ee0.c	ok
00401f60	FUN_00401f60	00401f60_FUN_00401f60.c	ok
00401f80	FUN_00401f80	00401f80_FUN_00401f80.c	ok
00401fc0	FUN_00401fc0	00401fc0_FUN_00401fc0.c	ok
00402110	FUN_00402110	00402110_FUN_00402110.c	ok
004022b0	FUN_004022b0	004022b0_FUN_004022b0.c	ok
00402310	FUN_00402310	00402310_FUN_00402310.c	ok
00402420	thunk_FUN_00401ee0	00402420_thunk_FUN_00401ee0.c	ok
004024c0	FUN_004024c0	004024c0_FUN_004024c0.c	ok
00402bf0	FUN_00402bf0	00402bf0_FUN_00402bf0.c	ok
00402c00	FUN_00402c00	00402c00_FUN_00402c00.c	ok
00402c30	FUN_00402c30	00402c30_FUN_00402c30.c	ok
00402e00	FUN_00402e00	00402e00_FUN_00402e00.c	ok
00402e50	FUN_00402e50	00402e50_FUN_00402e50.c	ok
00402ec0	FUN_00402ec0	00402ec0_FUN_00402ec0.c	ok
00402ee0	FUN_00402ee0	00402ee0_FUN_00402ee0.c	ok
00402fd0	FUN_00402fd0	00402fd0_FUN_00402fd0.c	ok
00403010	FUN_00403010	00403010_FUN_00403010.c	ok
00403060	FUN_00403060	00403060_FUN_00403060.c	ok
00403470	FUN_00403470	00403470_FUN_00403470.c	ok
00403490	FUN_00403490	00403490_FUN_00403490.c	ok
00403500	FUN_00403500	00403500_FUN_00403500.c	ok
00403620	FUN_00403620	00403620_FUN_00403620.c	ok
00403690	FUN_00403690	00403690_FUN_00403690.c	ok
004037d0	FUN_004037d0	004037d0_FUN_004037d0.c	ok
00403c70	FUN_00403c70	00403c70_FUN_00403c70.c	ok
00404170	FUN_00404170	00404170_FUN_00404170.c	ok
00404190	FUN_00404190	00404190_FUN_00404190.c	ok
00404650	FUN_00404650	00404650_FUN_00404650.c	ok
00404b70	FUN_00404b70	00404b70_FUN_00404b70.c	ok
00404d90	FUN_00404d90	00404d90_FUN_00404d90.c	ok
00405050	FUN_00405050	00405050_FUN_00405050.c	ok
004052c0	FUN_004052c0	004052c0_FUN_004052c0.c	ok
00405550	FUN_00405550	00405550_FUN_00405550.c	ok
004055c0	FUN_004055c0	004055c0_FUN_004055c0.c	ok
00405650	FUN_00405650	00405650_FUN_00405650.c	ok
004056f0	FUN_004056f0	004056f0_FUN_004056f0.c	ok
00405790	FUN_00405790	00405790_FUN_00405790.c	ok
004057b0	FUN_004057b0	004057b0_FUN_004057b0.c	ok
004057d0	FUN_004057d0	004057d0_FUN_004057d0.c	ok
004057e0	FUN_004057e0	004057e0_FUN_004057e0.c	ok
00405820	FUN_00405820	00405820_FUN_00405820.c	ok
00405920	FUN_00405920	00405920_FUN_00405920.c	ok
00405a50	FUN_00405a50	00405a50_FUN_00405a50.c	ok
00405ff0	FUN_00405ff0	00405ff0_FUN_00405ff0.c	ok
00406030	FUN_00406030	00406030_FUN_00406030.c	ok
004060e0	FUN_004060e0	004060e0_FUN_004060e0.c	ok
00406140	FUN_00406140	00406140_FUN_00406140.c	ok
004061d0	FUN_004061d0	004061d0_FUN_004061d0.c	ok
00406270	FUN_00406270	00406270_FUN_00406270.c	ok
00406430	FUN_00406430	00406430_FUN_00406430.c	ok
004068a0	FUN_004068a0	004068a0_FUN_004068a0.c	ok
00406990	FUN_00406990	00406990_FUN_00406990.c	ok
004069e0	FUN_004069e0	004069e0_FUN_004069e0.c	ok
00406a00	FUN_00406a00	00406a00_FUN_00406a00.c	ok
00406d60	FUN_00406d60	00406d60_FUN_00406d60.c	ok
00406ff0	FUN_00406ff0	00406ff0_FUN_00406ff0.c	ok
00407040	FUN_00407040	00407040_FUN_00407040.c	ok
00407070	FUN_00407070	00407070_FUN_00407070.c	ok
004070b0	FUN_004070b0	004070b0_FUN_004070b0.c	ok
00407120	FUN_00407120	00407120_FUN_00407120.c	ok
00407180	FUN_00407180	00407180_FUN_00407180.c	ok
00407190	FUN_00407190	00407190_FUN_00407190.c	ok
004071c0	FUN_004071c0	004071c0_FUN_004071c0.c	ok
004071d0	FUN_004071d0	004071d0_FUN_004071d0.c	ok
004071e0	FUN_004071e0	004071e0_FUN_004071e0.c	ok
00407230	FUN_00407230	00407230_FUN_00407230.c	ok
00407250	FUN_00407250	00407250_FUN_00407250.c	ok
00407270	FUN_00407270	00407270_FUN_00407270.c	ok
004072a0	FUN_004072a0	004072a0_FUN_004072a0.c	ok
004072c0	FUN_004072c0	004072c0_FUN_004072c0.c	ok
004072e0	FUN_004072e0	004072e0_FUN_004072e0.c	ok
00407370	FUN_00407370	00407370_FUN_00407370.c	ok
00407400	FUN_00407400	00407400_FUN_00407400.c	ok
00407490	FUN_00407490	00407490_FUN_00407490.c	ok
00407610	FUN_00407610	00407610_FUN_00407610.c	ok
00407780	FUN_00407780	00407780_FUN_00407780.c	ok
00407900	FUN_00407900	00407900_FUN_00407900.c	ok
004079a0	FUN_004079a0	004079a0_FUN_004079a0.c	ok
004079c0	FUN_004079c0	004079c0_FUN_004079c0.c	ok
00407a60	FUN_00407a60	00407a60_FUN_00407a60.c	ok
00407b00	FUN_00407b00	00407b00_FUN_00407b00.c	ok
00407b90	FUN_00407b90	00407b90_FUN_00407b90.c	ok
00407d30	FUN_00407d30	00407d30_FUN_00407d30.c	ok
00407d80	FUN_00407d80	00407d80_FUN_00407d80.c	ok
00407fa0	FUN_00407fa0	00407fa0_FUN_00407fa0.c	ok
00407fe0	FUN_00407fe0	00407fe0_FUN_00407fe0.c	ok
00407ff0	FUN_00407ff0	00407ff0_FUN_00407ff0.c	ok
00408010	FUN_00408010	00408010_FUN_00408010.c	ok
004080b0	FUN_004080b0	004080b0_FUN_004080b0.c	ok
00408150	FUN_00408150	00408150_FUN_00408150.c	ok
00408180	FUN_00408180	00408180_FUN_00408180.c	ok
004081f0	FUN_004081f0	004081f0_FUN_004081f0.c	ok
00408220	FUN_00408220	00408220_FUN_00408220.c	ok
00408250	FUN_00408250	00408250_FUN_00408250.c	ok
004082f0	FUN_004082f0	004082f0_FUN_004082f0.c	ok
00408310	FUN_00408310	00408310_FUN_00408310.c	ok
00408430	FUN_00408430	00408430_FUN_00408430.c	ok
00408440	FUN_00408440	00408440_FUN_00408440.c	ok
00408460	FUN_00408460	00408460_FUN_00408460.c	ok
00408470	FUN_00408470	00408470_FUN_00408470.c	ok
004084a0	FUN_004084a0	004084a0_FUN_004084a0.c	ok
004084c0	FUN_004084c0	004084c0_FUN_004084c0.c	ok
00408500	FUN_00408500	00408500_FUN_00408500.c	ok
00408530	FUN_00408530	00408530_FUN_00408530.c	ok
00408570	FUN_00408570	00408570_FUN_00408570.c	ok
004086f0	FUN_004086f0	004086f0_FUN_004086f0.c	ok
00408c90	FUN_00408c90	00408c90_FUN_00408c90.c	ok
00408d10	FUN_00408d10	00408d10_FUN_00408d10.c	ok
00408dd0	FUN_00408dd0	00408dd0_FUN_00408dd0.c	ok
00409000	FUN_00409000	00409000_FUN_00409000.c	ok
00409130	FUN_00409130	00409130_FUN_00409130.c	ok
00409240	FUN_00409240	00409240_FUN_00409240.c	ok
00409730	FUN_00409730	00409730_FUN_00409730.c	ok
00409d10	FUN_00409d10	00409d10_FUN_00409d10.c	ok
0040a140	FUN_0040a140	0040a140_FUN_0040a140.c	ok
0040a3f0	FUN_0040a3f0	0040a3f0_FUN_0040a3f0.c	ok
0040a600	FUN_0040a600	0040a600_FUN_0040a600.c	ok
0040a6a0	FUN_0040a6a0	0040a6a0_FUN_0040a6a0.c	ok
0040a8b0	FUN_0040a8b0	0040a8b0_FUN_0040a8b0.c	ok
0040a8d0	FUN_0040a8d0	0040a8d0_FUN_0040a8d0.c	ok
0040a8f0	FUN_0040a8f0	0040a8f0_FUN_0040a8f0.c	ok
0040a9c0	FUN_0040a9c0	0040a9c0_FUN_0040a9c0.c	ok
0040aa80	FUN_0040aa80	0040aa80_FUN_0040aa80.c	ok
0040ab80	FUN_0040ab80	0040ab80_FUN_0040ab80.c	ok
0040aef0	FUN_0040aef0	0040aef0_FUN_0040aef0.c	ok
0040b290	FUN_0040b290	0040b290_FUN_0040b290.c	ok
0040be60	FUN_0040be60	0040be60_FUN_0040be60.c	ok
0040bec0	FUN_0040bec0	0040bec0_FUN_0040bec0.c	ok
0040c460	FUN_0040c460	0040c460_FUN_0040c460.c	ok
0040c8d0	FUN_0040c8d0	0040c8d0_FUN_0040c8d0.c	ok
0040d210	FUN_0040d210	0040d210_FUN_0040d210.c	ok
0040d960	FUN_0040d960	0040d960_FUN_0040d960.c	ok
0040e1c0	FUN_0040e1c0	0040e1c0_FUN_0040e1c0.c	ok
0040e600	FUN_0040e600	0040e600_FUN_0040e600.c	ok
0040f420	FUN_0040f420	0040f420_FUN_0040f420.c	ok
0040f5b0	FUN_0040f5b0	0040f5b0_FUN_0040f5b0.c	ok
0040f5d0	FUN_0040f5d0	0040f5d0_FUN_0040f5d0.c	ok
0040f5f0	FUN_0040f5f0	0040f5f0_FUN_0040f5f0.c	ok
0040f700	FUN_0040f700	0040f700_FUN_0040f700.c	ok
0040f7a0	FUN_0040f7a0	0040f7a0_FUN_0040f7a0.c	ok
0040fb00	FUN_0040fb00	0040fb00_FUN_0040fb00.c	ok
004106c0	FUN_004106c0	004106c0_FUN_004106c0.c	ok
00410700	FUN_00410700	00410700_FUN_00410700.c	ok
00410770	FUN_00410770	00410770_FUN_00410770.c	ok
00410830	FUN_00410830	00410830_FUN_00410830.c	ok
00410870	FUN_00410870	00410870_FUN_00410870.c	ok
004108b0	FUN_004108b0	004108b0_FUN_004108b0.c	ok
00410940	FUN_00410940	00410940_FUN_00410940.c	ok
004109c0	FUN_004109c0	004109c0_FUN_004109c0.c	ok
00410cb0	FUN_00410cb0	00410cb0_FUN_00410cb0.c	ok
00410ed0	FUN_00410ed0	00410ed0_FUN_00410ed0.c	ok
00411090	FUN_00411090	00411090_FUN_00411090.c	ok
004111e0	FUN_004111e0	004111e0_FUN_004111e0.c	ok
004112a0	FUN_004112a0	004112a0_FUN_004112a0.c	ok
004112e0	FUN_004112e0	004112e0_FUN_004112e0.c	ok
004114c0	FUN_004114c0	004114c0_FUN_004114c0.c	ok
00411650	FUN_00411650	00411650_FUN_00411650.c	ok
00411670	FUN_00411670	00411670_FUN_00411670.c	ok
00411b30	FUN_00411b30	00411b30_FUN_00411b30.c	ok
00411b60	FUN_00411b60	00411b60_FUN_00411b60.c	ok
00411c90	FUN_00411c90	00411c90_FUN_00411c90.c	ok
00411cf0	FUN_00411cf0	00411cf0_FUN_00411cf0.c	ok
00411e20	FUN_00411e20	00411e20_FUN_00411e20.c	ok
00411f30	FUN_00411f30	00411f30_FUN_00411f30.c	ok
00411f80	FUN_00411f80	00411f80_FUN_00411f80.c	ok
00411fb0	FUN_00411fb0	00411fb0_FUN_00411fb0.c	ok
00411ff0	FUN_00411ff0	00411ff0_FUN_00411ff0.c	ok
00412010	FUN_00412010	00412010_FUN_00412010.c	ok
00412090	FUN_00412090	00412090_FUN_00412090.c	ok
00412820	FUN_00412820	00412820_FUN_00412820.c	ok
00412890	FUN_00412890	00412890_FUN_00412890.c	ok
00412d90	FUN_00412d90	00412d90_FUN_00412d90.c	ok
004130c0	FUN_004130c0	004130c0_FUN_004130c0.c	ok
00413140	FUN_00413140	00413140_FUN_00413140.c	ok
00413550	FUN_00413550	00413550_FUN_00413550.c	ok
00413720	FUN_00413720	00413720_FUN_00413720.c	ok
004137b0	FUN_004137b0	004137b0_FUN_004137b0.c	ok
004137f0	FUN_004137f0	004137f0_FUN_004137f0.c	ok
00414350	FUN_00414350	00414350_FUN_00414350.c	ok
004145b0	FUN_004145b0	004145b0_FUN_004145b0.c	ok
00414770	FUN_00414770	00414770_FUN_00414770.c	ok
00415e90	FUN_00415e90	00415e90_FUN_00415e90.c	ok
00415f30	FUN_00415f30	00415f30_FUN_00415f30.c	ok
004191f0	FUN_004191f0	004191f0_FUN_004191f0.c	ok
00419470	FUN_00419470	00419470_FUN_00419470.c	ok
00419660	FUN_00419660	00419660_FUN_00419660.c	ok
004196e0	FUN_004196e0	004196e0_FUN_004196e0.c	ok
00419bb0	FUN_00419bb0	00419bb0_FUN_00419bb0.c	ok
00419ed0	FUN_00419ed0	00419ed0_FUN_00419ed0.c	ok
00419f60	FUN_00419f60	00419f60_FUN_00419f60.c	ok
00419ff0	FUN_00419ff0	00419ff0_FUN_00419ff0.c	ok
0041a060	FUN_0041a060	0041a060_FUN_0041a060.c	ok
0041a110	FUN_0041a110	0041a110_FUN_0041a110.c	ok
0041a230	FUN_0041a230	0041a230_FUN_0041a230.c	ok
0041a2b0	FUN_0041a2b0	0041a2b0_FUN_0041a2b0.c	ok
0041a6b0	FUN_0041a6b0	0041a6b0_FUN_0041a6b0.c	ok
0041a810	FUN_0041a810	0041a810_FUN_0041a810.c	ok
0041aab0	FUN_0041aab0	0041aab0_FUN_0041aab0.c	ok
0041b130	FUN_0041b130	0041b130_FUN_0041b130.c	ok
0041b230	FUN_0041b230	0041b230_FUN_0041b230.c	ok
0041b300	FUN_0041b300	0041b300_FUN_0041b300.c	ok
0041b3e0	FUN_0041b3e0	0041b3e0_FUN_0041b3e0.c	ok
0041b4e0	FUN_0041b4e0	0041b4e0_FUN_0041b4e0.c	ok
0041b750	FUN_0041b750	0041b750_FUN_0041b750.c	ok
0041b910	FUN_0041b910	0041b910_FUN_0041b910.c	ok
0041bb30	FUN_0041bb30	0041bb30_FUN_0041bb30.c	ok
0041bd60	FUN_0041bd60	0041bd60_FUN_0041bd60.c	ok
0041bf20	FUN_0041bf20	0041bf20_FUN_0041bf20.c	ok
0041c0f0	FUN_0041c0f0	0041c0f0_FUN_0041c0f0.c	ok
0041c360	FUN_0041c360	0041c360_FUN_0041c360.c	ok
0041d430	FUN_0041d430	0041d430_FUN_0041d430.c	ok
0041d520	FUN_0041d520	0041d520_FUN_0041d520.c	ok
0041d5f0	FUN_0041d5f0	0041d5f0_FUN_0041d5f0.c	ok
0041d830	FUN_0041d830	0041d830_FUN_0041d830.c	ok
0041db40	FUN_0041db40	0041db40_FUN_0041db40.c	ok
0041dcf0	FUN_0041dcf0	0041dcf0_FUN_0041dcf0.c	ok
0041de40	FUN_0041de40	0041de40_FUN_0041de40.c	ok
0041dfe0	FUN_0041dfe0	0041dfe0_FUN_0041dfe0.c	ok
0041e570	FUN_0041e570	0041e570_FUN_0041e570.c	ok
0041e640	FUN_0041e640	0041e640_FUN_0041e640.c	ok
0041e770	FUN_0041e770	0041e770_FUN_0041e770.c	ok
0041e8b0	FUN_0041e8b0	0041e8b0_FUN_0041e8b0.c	ok
0041ea10	FUN_0041ea10	0041ea10_FUN_0041ea10.c	ok
0041eb80	FUN_0041eb80	0041eb80_FUN_0041eb80.c	ok
0041f330	FUN_0041f330	0041f330_FUN_0041f330.c	ok
0041f350	FUN_0041f350	0041f350_FUN_0041f350.c	ok
0041f3d0	FUN_0041f3d0	0041f3d0_FUN_0041f3d0.c	ok
0041f450	FUN_0041f450	0041f450_FUN_0041f450.c	ok
0041f490	FUN_0041f490	0041f490_FUN_0041f490.c	ok
0041f500	FUN_0041f500	0041f500_FUN_0041f500.c	ok
0041f580	FUN_0041f580	0041f580_FUN_0041f580.c	ok
0041f7a0	FUN_0041f7a0	0041f7a0_FUN_0041f7a0.c	ok
0041f880	FUN_0041f880	0041f880_FUN_0041f880.c	ok
0041f990	FUN_0041f990	0041f990_FUN_0041f990.c	ok
0041fb80	FUN_0041fb80	0041fb80_FUN_0041fb80.c	ok
0041fbd0	FUN_0041fbd0	0041fbd0_FUN_0041fbd0.c	ok
004200f0	FUN_004200f0	004200f0_FUN_004200f0.c	ok
004201e0	FUN_004201e0	004201e0_FUN_004201e0.c	ok
00420210	FUN_00420210	00420210_FUN_00420210.c	ok
00420240	FUN_00420240	00420240_FUN_00420240.c	ok
00420260	thunk_FUN_00421a40	00420260_thunk_FUN_00421a40.c	ok
00420270	FUN_00420270	00420270_FUN_00420270.c	ok
004202b0	FUN_004202b0	004202b0_FUN_004202b0.c	ok
004202d0	FUN_004202d0	004202d0_FUN_004202d0.c	ok
00420300	FUN_00420300	00420300_FUN_00420300.c	ok
00420310	FUN_00420310	00420310_FUN_00420310.c	ok
004203b0	FUN_004203b0	004203b0_FUN_004203b0.c	ok
004203d0	FUN_004203d0	004203d0_FUN_004203d0.c	ok
00420410	FUN_00420410	00420410_FUN_00420410.c	ok
004204d0	thunk_FUN_00421370	004204d0_thunk_FUN_00421370.c	ok
004204e0	thunk_FUN_00421a60	004204e0_thunk_FUN_00421a60.c	ok
004204f0	FUN_004204f0	004204f0_FUN_004204f0.c	ok
00420510	thunk_FUN_00421510	00420510_thunk_FUN_00421510.c	ok
00420520	FUN_00420520	00420520_FUN_00420520.c	ok
00420540	FUN_00420540	00420540_FUN_00420540.c	ok
004205c0	FUN_004205c0	004205c0_FUN_004205c0.c	ok
004206f0	FUN_004206f0	004206f0_FUN_004206f0.c	ok
00420700	FUN_00420700	00420700_FUN_00420700.c	ok
00420740	FUN_00420740	00420740_FUN_00420740.c	ok
00420750	thunk_FUN_004216c0	00420750_thunk_FUN_004216c0.c	ok
00420760	thunk_FUN_004218c0	00420760_thunk_FUN_004218c0.c	ok
00420770	thunk_FUN_00421910	00420770_thunk_FUN_00421910.c	ok
00420780	FUN_00420780	00420780_FUN_00420780.c	ok
00420790	FUN_00420790	00420790_FUN_00420790.c	ok
004207f0	FUN_004207f0	004207f0_FUN_004207f0.c	ok
004208c0	FUN_004208c0	004208c0_FUN_004208c0.c	ok
00420a60	FUN_00420a60	00420a60_FUN_00420a60.c	ok
00420e90	FUN_00420e90	00420e90_FUN_00420e90.c	ok
00421370	FUN_00421370	00421370_FUN_00421370.c	ok
004214e0	FUN_004214e0	004214e0_FUN_004214e0.c	ok
00421510	FUN_00421510	00421510_FUN_00421510.c	ok
004215a0	FUN_004215a0	004215a0_FUN_004215a0.c	ok
00421630	FUN_00421630	00421630_FUN_00421630.c	ok
004216c0	FUN_004216c0	004216c0_FUN_004216c0.c	ok
00421830	FUN_00421830	00421830_FUN_00421830.c	ok
004218c0	FUN_004218c0	004218c0_FUN_004218c0.c	ok
00421910	FUN_00421910	00421910_FUN_00421910.c	ok
00421960	FUN_00421960	00421960_FUN_00421960.c	ok
00421a40	FUN_00421a40	00421a40_FUN_00421a40.c	ok
00421a60	FUN_00421a60	00421a60_FUN_00421a60.c	ok
00421b10	FUN_00421b10	00421b10_FUN_00421b10.c	ok
00421bd0	FUN_00421bd0	00421bd0_FUN_00421bd0.c	ok
00422950	FUN_00422950	00422950_FUN_00422950.c	ok
004229c0	FUN_004229c0	004229c0_FUN_004229c0.c	ok
00422a40	FUN_00422a40	00422a40_FUN_00422a40.c	ok
00422a60	FUN_00422a60	00422a60_FUN_00422a60.c	ok
00422a80	FUN_00422a80	00422a80_FUN_00422a80.c	ok
00422ae0	FUN_00422ae0	00422ae0_FUN_00422ae0.c	ok
00422b20	FUN_00422b20	00422b20_FUN_00422b20.c	ok
00422b40	FUN_00422b40	00422b40_FUN_00422b40.c	ok
00422d00	FUN_00422d00	00422d00_FUN_00422d00.c	ok
00422ef0	FUN_00422ef0	00422ef0_FUN_00422ef0.c	ok
004237f0	FUN_004237f0	004237f0_FUN_004237f0.c	ok
00423c90	FUN_00423c90	00423c90_FUN_00423c90.c	ok
00423f70	FUN_00423f70	00423f70_FUN_00423f70.c	ok
00424070	FUN_00424070	00424070_FUN_00424070.c	ok
004240f0	FUN_004240f0	004240f0_FUN_004240f0.c	ok
00424100	FUN_00424100	00424100_FUN_00424100.c	ok
00424580	FUN_00424580	00424580_FUN_00424580.c	ok
00424600	FUN_00424600	00424600_FUN_00424600.c	ok
00424640	FUN_00424640	00424640_FUN_00424640.c	ok
00424d40	FUN_00424d40	00424d40_FUN_00424d40.c	ok
004251f0	FUN_004251f0	004251f0_FUN_004251f0.c	ok
00425340	FUN_00425340	00425340_FUN_00425340.c	ok
004253a0	FUN_004253a0	004253a0_FUN_004253a0.c	ok
004253c0	FUN_004253c0	004253c0_FUN_004253c0.c	ok
004253e0	FUN_004253e0	004253e0_FUN_004253e0.c	ok
00425490	FUN_00425490	00425490_FUN_00425490.c	ok
00425510	FUN_00425510	00425510_FUN_00425510.c	ok
004255c0	FUN_004255c0	004255c0_FUN_004255c0.c	ok
004255f0	FUN_004255f0	004255f0_FUN_004255f0.c	ok
00425900	FUN_00425900	00425900_FUN_00425900.c	ok
00425980	FUN_00425980	00425980_FUN_00425980.c	ok
00426270	FUN_00426270	00426270_FUN_00426270.c	ok
004262e0	FUN_004262e0	004262e0_FUN_004262e0.c	ok
00426390	FUN_00426390	00426390_FUN_00426390.c	ok
00426520	FUN_00426520	00426520_FUN_00426520.c	ok
00426770	FUN_00426770	00426770_FUN_00426770.c	ok
004269d0	FUN_004269d0	004269d0_FUN_004269d0.c	ok
00426a20	FUN_00426a20	00426a20_FUN_00426a20.c	ok
00426bd0	FUN_00426bd0	00426bd0_FUN_00426bd0.c	ok
00426e90	FUN_00426e90	00426e90_FUN_00426e90.c	ok
00427050	FUN_00427050	00427050_FUN_00427050.c	ok
00427370	FUN_00427370	00427370_FUN_00427370.c	ok
004273d0	FUN_004273d0	004273d0_FUN_004273d0.c	ok
00427410	FUN_00427410	00427410_FUN_00427410.c	ok
00427620	FUN_00427620	00427620_FUN_00427620.c	ok
004277d0	FUN_004277d0	004277d0_FUN_004277d0.c	ok
004278d0	FUN_004278d0	004278d0_FUN_004278d0.c	ok
004279e0	FUN_004279e0	004279e0_FUN_004279e0.c	ok
00427c30	FUN_00427c30	00427c30_FUN_00427c30.c	ok
00427e60	FUN_00427e60	00427e60_FUN_00427e60.c	ok
00428060	FUN_00428060	00428060_FUN_00428060.c	ok
004281c0	FUN_004281c0	004281c0_FUN_004281c0.c	ok
00428350	FUN_00428350	00428350_FUN_00428350.c	ok
00428750	FUN_00428750	00428750_FUN_00428750.c	ok
00428920	FUN_00428920	00428920_FUN_00428920.c	ok
00428a70	FUN_00428a70	00428a70_FUN_00428a70.c	ok
00428d60	FUN_00428d60	00428d60_FUN_00428d60.c	ok
00428e30	FUN_00428e30	00428e30_FUN_00428e30.c	ok
00428fe0	FUN_00428fe0	00428fe0_FUN_00428fe0.c	ok
004292b0	FUN_004292b0	004292b0_FUN_004292b0.c	ok
00429450	FUN_00429450	00429450_FUN_00429450.c	ok
00429470	FUN_00429470	00429470_FUN_00429470.c	ok
004296e0	FUN_004296e0	004296e0_FUN_004296e0.c	ok
00429770	FUN_00429770	00429770_FUN_00429770.c	ok
00429a90	FUN_00429a90	00429a90_FUN_00429a90.c	ok
00429c50	FUN_00429c50	00429c50_FUN_00429c50.c	ok
00429d10	FUN_00429d10	00429d10_FUN_00429d10.c	ok
00429dc0	FUN_00429dc0	00429dc0_FUN_00429dc0.c	ok
00429e60	FUN_00429e60	00429e60_FUN_00429e60.c	ok
00429e80	FUN_00429e80	00429e80_FUN_00429e80.c	ok
00429ee0	FUN_00429ee0	00429ee0_FUN_00429ee0.c	ok
00429f70	FUN_00429f70	00429f70_FUN_00429f70.c	ok
00429fe0	FUN_00429fe0	00429fe0_FUN_00429fe0.c	ok
00429ff0	FUN_00429ff0	00429ff0_FUN_00429ff0.c	ok
0042a030	FUN_0042a030	0042a030_FUN_0042a030.c	ok
0042a170	FUN_0042a170	0042a170_FUN_0042a170.c	ok
0042a190	FUN_0042a190	0042a190_FUN_0042a190.c	ok
0042aaa0	FUN_0042aaa0	0042aaa0_FUN_0042aaa0.c	ok
0042adc0	FUN_0042adc0	0042adc0_FUN_0042adc0.c	ok
0042ae20	FUN_0042ae20	0042ae20_FUN_0042ae20.c	ok
0042ae60	FUN_0042ae60	0042ae60_FUN_0042ae60.c	ok
0042afd0	FUN_0042afd0	0042afd0_FUN_0042afd0.c	ok
0042b070	FUN_0042b070	0042b070_FUN_0042b070.c	ok
0042b0e0	FUN_0042b0e0	0042b0e0_FUN_0042b0e0.c	ok
0042b290	FUN_0042b290	0042b290_FUN_0042b290.c	ok
0042b350	FUN_0042b350	0042b350_FUN_0042b350.c	ok
0042b430	FUN_0042b430	0042b430_FUN_0042b430.c	ok
0042b4e0	FUN_0042b4e0	0042b4e0_FUN_0042b4e0.c	ok
0042b5e0	FUN_0042b5e0	0042b5e0_FUN_0042b5e0.c	ok
0042b620	FUN_0042b620	0042b620_FUN_0042b620.c	ok
0042b630	FUN_0042b630	0042b630_FUN_0042b630.c	ok
0042b680	FUN_0042b680	0042b680_FUN_0042b680.c	ok
0042b6a0	FUN_0042b6a0	0042b6a0_FUN_0042b6a0.c	ok
0042b6e0	FUN_0042b6e0	0042b6e0_FUN_0042b6e0.c	ok
0042b710	FUN_0042b710	0042b710_FUN_0042b710.c	ok
0042b740	FUN_0042b740	0042b740_FUN_0042b740.c	ok
0042b770	FUN_0042b770	0042b770_FUN_0042b770.c	ok
0042b790	FUN_0042b790	0042b790_FUN_0042b790.c	ok
0042b7b0	FUN_0042b7b0	0042b7b0_FUN_0042b7b0.c	ok
0042b900	FUN_0042b900	0042b900_FUN_0042b900.c	ok
0042b930	FUN_0042b930	0042b930_FUN_0042b930.c	ok
0042b960	FUN_0042b960	0042b960_FUN_0042b960.c	ok
0042bb80	FUN_0042bb80	0042bb80_FUN_0042bb80.c	ok
0042bd70	FUN_0042bd70	0042bd70_FUN_0042bd70.c	ok
0042bd90	FUN_0042bd90	0042bd90_FUN_0042bd90.c	ok
0042be60	FUN_0042be60	0042be60_FUN_0042be60.c	ok
0042be90	FUN_0042be90	0042be90_FUN_0042be90.c	ok
0042bfe0	FUN_0042bfe0	0042bfe0_FUN_0042bfe0.c	ok
0042bff0	FUN_0042bff0	0042bff0_FUN_0042bff0.c	ok
0042dcb0	FUN_0042dcb0	0042dcb0_FUN_0042dcb0.c	ok
0042dd20	FUN_0042dd20	0042dd20_FUN_0042dd20.c	ok
0042dd80	FUN_0042dd80	0042dd80_FUN_0042dd80.c	ok
0042dde0	FUN_0042dde0	0042dde0_FUN_0042dde0.c	ok
0042de00	FUN_0042de00	0042de00_FUN_0042de00.c	ok
0042e9b0	FUN_0042e9b0	0042e9b0_FUN_0042e9b0.c	ok
0042eb80	FUN_0042eb80	0042eb80_FUN_0042eb80.c	ok
0042ed20	FUN_0042ed20	0042ed20_FUN_0042ed20.c	ok
0042ef20	FUN_0042ef20	0042ef20_FUN_0042ef20.c	ok
0042f020	FUN_0042f020	0042f020_FUN_0042f020.c	ok
0042f380	FUN_0042f380	0042f380_FUN_0042f380.c	ok
0042f4b0	FUN_0042f4b0	0042f4b0_FUN_0042f4b0.c	ok
0042f5f0	FUN_0042f5f0	0042f5f0_FUN_0042f5f0.c	ok
0042f750	FUN_0042f750	0042f750_FUN_0042f750.c	ok
0042f920	FUN_0042f920	0042f920_FUN_0042f920.c	ok
0042f9c0	FUN_0042f9c0	0042f9c0_FUN_0042f9c0.c	ok
004315d0	FUN_004315d0	004315d0_FUN_004315d0.c	ok
00431690	FUN_00431690	00431690_FUN_00431690.c	ok
00431860	FUN_00431860	00431860_FUN_00431860.c	ok
00431a30	FUN_00431a30	00431a30_FUN_00431a30.c	ok
00431c10	FUN_00431c10	00431c10_FUN_00431c10.c	ok
00431de0	FUN_00431de0	00431de0_FUN_00431de0.c	ok
00431e40	FUN_00431e40	00431e40_FUN_00431e40.c	ok
00431fa0	FUN_00431fa0	00431fa0_FUN_00431fa0.c	ok
00432190	FUN_00432190	00432190_FUN_00432190.c	ok
00432240	FUN_00432240	00432240_FUN_00432240.c	ok
00432360	FUN_00432360	00432360_FUN_00432360.c	ok
00432420	FUN_00432420	00432420_FUN_00432420.c	ok
00432670	FUN_00432670	00432670_FUN_00432670.c	ok
004327d0	FUN_004327d0	004327d0_FUN_004327d0.c	ok
00432a00	FUN_00432a00	00432a00_FUN_00432a00.c	ok
00432ce0	FUN_00432ce0	00432ce0_FUN_00432ce0.c	ok
00432e90	FUN_00432e90	00432e90_FUN_00432e90.c	ok
00432ef0	FUN_00432ef0	00432ef0_FUN_00432ef0.c	ok
00432f40	FUN_00432f40	00432f40_FUN_00432f40.c	ok
00433830	FUN_00433830	00433830_FUN_00433830.c	ok
00433ed0	FUN_00433ed0	00433ed0_FUN_00433ed0.c	ok
00434170	FUN_00434170	00434170_FUN_00434170.c	ok
004341f0	FUN_004341f0	004341f0_FUN_004341f0.c	ok
00434360	FUN_00434360	00434360_FUN_00434360.c	ok
00434510	FUN_00434510	00434510_FUN_00434510.c	ok
00434670	FUN_00434670	00434670_FUN_00434670.c	ok
004346a0	FUN_004346a0	004346a0_FUN_004346a0.c	ok
004347a0	FUN_004347a0	004347a0_FUN_004347a0.c	ok
00434fe0	FUN_00434fe0	00434fe0_FUN_00434fe0.c	ok
00435230	FUN_00435230	00435230_FUN_00435230.c	ok
00436060	FUN_00436060	00436060_FUN_00436060.c	ok
004360a0	FUN_004360a0	004360a0_FUN_004360a0.c	ok
00436130	FUN_00436130	00436130_FUN_00436130.c	ok
00436550	FUN_00436550	00436550_FUN_00436550.c	ok
00439090	FUN_00439090	00439090_FUN_00439090.c	ok
00439120	FUN_00439120	00439120_FUN_00439120.c	ok
00439500	FUN_00439500	00439500_FUN_00439500.c	ok
0043c740	FUN_0043c740	0043c740_FUN_0043c740.c	ok
0043c9b0	FUN_0043c9b0	0043c9b0_FUN_0043c9b0.c	ok
0043e5c0	FUN_0043e5c0	0043e5c0_FUN_0043e5c0.c	ok
0043e630	FUN_0043e630	0043e630_FUN_0043e630.c	ok
0043e690	FUN_0043e690	0043e690_FUN_0043e690.c	ok
0043f740	FUN_0043f740	0043f740_FUN_0043f740.c	ok
0043fcf0	FUN_0043fcf0	0043fcf0_FUN_0043fcf0.c	ok
0043fd00	FUN_0043fd00	0043fd00_FUN_0043fd00.c	ok
0043fef0	FUN_0043fef0	0043fef0_FUN_0043fef0.c	ok
0043ff60	FUN_0043ff60	0043ff60_FUN_0043ff60.c	ok
00440090	FUN_00440090	00440090_FUN_00440090.c	ok
004400c0	FUN_004400c0	004400c0_FUN_004400c0.c	ok
00440180	FUN_00440180	00440180_FUN_00440180.c	ok
004401e0	FUN_004401e0	004401e0_FUN_004401e0.c	ok
004406a0	FUN_004406a0	004406a0_FUN_004406a0.c	ok
004406f0	FUN_004406f0	004406f0_FUN_004406f0.c	ok
00440710	FUN_00440710	00440710_FUN_00440710.c	ok
00440750	FUN_00440750	00440750_FUN_00440750.c	ok
00440790	FUN_00440790	00440790_FUN_00440790.c	ok
004407e0	FUN_004407e0	004407e0_FUN_004407e0.c	ok
00440810	FUN_00440810	00440810_FUN_00440810.c	ok
00440840	FUN_00440840	00440840_FUN_00440840.c	ok
004408b0	FUN_004408b0	004408b0_FUN_004408b0.c	ok
004408f0	FUN_004408f0	004408f0_FUN_004408f0.c	ok
00440920	FUN_00440920	00440920_FUN_00440920.c	ok
004409a0	FUN_004409a0	004409a0_FUN_004409a0.c	ok
00440ab0	FUN_00440ab0	00440ab0_FUN_00440ab0.c	ok
00440ac0	FUN_00440ac0	00440ac0_FUN_00440ac0.c	ok
00440b90	FUN_00440b90	00440b90_FUN_00440b90.c	ok
00440c50	FUN_00440c50	00440c50_FUN_00440c50.c	ok
00440cc0	FUN_00440cc0	00440cc0_FUN_00440cc0.c	ok
004413f0	FUN_004413f0	004413f0_FUN_004413f0.c	ok
00441420	FUN_00441420	00441420_FUN_00441420.c	ok
00441470	FUN_00441470	00441470_FUN_00441470.c	ok
004419e0	FUN_004419e0	004419e0_FUN_004419e0.c	ok
00441a90	FUN_00441a90	00441a90_FUN_00441a90.c	ok
00441de0	FUN_00441de0	00441de0_FUN_00441de0.c	ok
00441e10	FUN_00441e10	00441e10_FUN_00441e10.c	ok
00441e50	FUN_00441e50	00441e50_FUN_00441e50.c	ok
00441e80	FUN_00441e80	00441e80_FUN_00441e80.c	ok
00441ea0	FUN_00441ea0	00441ea0_FUN_00441ea0.c	ok
00441f30	FUN_00441f30	00441f30_FUN_00441f30.c	ok
00442650	FUN_00442650	00442650_FUN_00442650.c	ok
00443e88	DirectDrawCreate	00443e88_DirectDrawCreate.c	ok
00443e8e	DirectDrawEnumerateA	00443e8e_DirectDrawEnumerateA.c	ok
00443e94	DirectSoundCreate	00443e94_DirectSoundCreate.c	ok
00443ea0	FUN_00443ea0	00443ea0_FUN_00443ea0.c	ok
00443ec0	FUN_00443ec0	00443ec0_FUN_00443ec0.c	ok
00443f10	FUN_00443f10	00443f10_FUN_00443f10.c	ok
00443f50	__fpmath	00443f50___fpmath.c	ok
00443f70	FUN_00443f70	00443f70_FUN_00443f70.c	ok
00443fb0	__ftol	00443fb0___ftol.c	ok
00443fe0	FUN_00443fe0	00443fe0_FUN_00443fe0.c	ok
00444030	FUN_00444030	00444030_FUN_00444030.c	ok
004440f0	FUN_004440f0	004440f0_FUN_004440f0.c	ok
00444350	__alldiv	00444350___alldiv.c	ok
00444400	__allmul	00444400___allmul.c	ok
00444440	FUN_00444440	00444440_FUN_00444440.c	ok
004444e0	FUN_004444e0	004444e0_FUN_004444e0.c	ok
00444690	FUN_00444690	00444690_FUN_00444690.c	ok
00444700	FUN_00444700	00444700_FUN_00444700.c	ok
00444770	FUN_00444770	00444770_FUN_00444770.c	ok
004447a0	FUN_004447a0	004447a0_FUN_004447a0.c	ok
004447c0	FUN_004447c0	004447c0_FUN_004447c0.c	ok
00444860	FUN_00444860	00444860_FUN_00444860.c	ok
00444870	FUN_00444870	00444870_FUN_00444870.c	ok
004448a0	FUN_004448a0	004448a0_FUN_004448a0.c	ok
00444940	FUN_00444940	00444940_FUN_00444940.c	ok
00444950	FUN_00444950	00444950_FUN_00444950.c	ok
00444980	FUN_00444980	00444980_FUN_00444980.c	ok
004449a0	__exit	004449a0___exit.c	ok
004449c0	FUN_004449c0	004449c0_FUN_004449c0.c	ok
00444a70	FUN_00444a70	00444a70_FUN_00444a70.c	ok
00444a90	_strstr	00444a90__strstr.c	ok
00444b10	_strncpy	00444b10__strncpy.c	ok
00444c10	FUN_00444c10	00444c10_FUN_00444c10.c	ok
00444c90	FUN_00444c90	00444c90_FUN_00444c90.c	ok
00444dd0	FUN_00444dd0	00444dd0_FUN_00444dd0.c	ok
00444f20	FUN_00444f20	00444f20_FUN_00444f20.c	ok
00444fa0	FUN_00444fa0	00444fa0_FUN_00444fa0.c	ok
00444fd0	FUN_00444fd0	00444fd0_FUN_00444fd0.c	ok
00445020	FUN_00445020	00445020_FUN_00445020.c	ok
00445080	FUN_00445080	00445080_FUN_00445080.c	ok
00445270	FUN_00445270	00445270_FUN_00445270.c	ok
004453a0	FUN_004453a0	004453a0_FUN_004453a0.c	ok
00445490	FUN_00445490	00445490_FUN_00445490.c	ok
004456f0	FUN_004456f0	004456f0_FUN_004456f0.c	ok
004457d0	FUN_004457d0	004457d0_FUN_004457d0.c	ok
004457f2	FUN_004457f2	004457f2_FUN_004457f2.c	ok
004459c5	FUN_004459c5	004459c5_FUN_004459c5.c	ok
004459f0	FUN_004459f0	004459f0_FUN_004459f0.c	ok
00445a80	FUN_00445a80	00445a80_FUN_00445a80.c	ok
00445a9d	FUN_00445a9d	00445a9d_FUN_00445a9d.c	ok
00445b50	FUN_00445b50	00445b50_FUN_00445b50.c	ok
00445c80	FUN_00445c80	00445c80_FUN_00445c80.c	ok
00445da0	FUN_00445da0	00445da0_FUN_00445da0.c	ok
00445f50	FUN_00445f50	00445f50_FUN_00445f50.c	ok
00445fb0	FUN_00445fb0	00445fb0_FUN_00445fb0.c	ok
00445fe0	FUN_00445fe0	00445fe0_FUN_00445fe0.c	ok
00446020	FUN_00446020	00446020_FUN_00446020.c	ok
00446360	_strrchr	00446360__strrchr.c	ok
00446390	entry	00446390_entry.c	ok
00446530	__amsg_exit	00446530___amsg_exit.c	ok
00446560	FUN_00446560	00446560_FUN_00446560.c	ok
00446580	FUN_00446580	00446580_FUN_00446580.c	ok
004465c0	FUN_004465c0	004465c0_FUN_004465c0.c	ok
00446730	FUN_00446730	00446730_FUN_00446730.c	ok
00446790	FUN_00446790	00446790_FUN_00446790.c	ok
00446860	FUN_00446860	00446860_FUN_00446860.c	ok
004468c0	FUN_004468c0	004468c0_FUN_004468c0.c	ok
00446920	FUN_00446920	00446920_FUN_00446920.c	ok
00446b60	FUN_00446b60	00446b60_FUN_00446b60.c	ok
00446ce0	FUN_00446ce0	00446ce0_FUN_00446ce0.c	ok
00446db0	__setdefaultprecision	00446db0___setdefaultprecision.c	ok
00446dd0	FUN_00446dd0	00446dd0_FUN_00446dd0.c	ok
00446e20	FUN_00446e20	00446e20_FUN_00446e20.c	ok
00446e50	FUN_00446e50	00446e50_FUN_00446e50.c	ok
00446fa0	FUN_00446fa0	00446fa0_FUN_00446fa0.c	ok
004470e0	FUN_004470e0	004470e0_FUN_004470e0.c	ok
004471e0	FUN_004471e0	004471e0_FUN_004471e0.c	ok
00447290	FUN_00447290	00447290_FUN_00447290.c	ok
004472c0	FUN_004472c0	004472c0_FUN_004472c0.c	ok
00447360	FUN_00447360	00447360_FUN_00447360.c	ok
00447390	FUN_00447390	00447390_FUN_00447390.c	ok
00447400	FUN_00447400	00447400_FUN_00447400.c	ok
004474c0	FUN_004474c0	004474c0_FUN_004474c0.c	ok
00447570	FUN_00447570	00447570_FUN_00447570.c	ok
00447610	FUN_00447610	00447610_FUN_00447610.c	ok
00447660	FUN_00447660	00447660_FUN_00447660.c	ok
004478b0	FUN_004478b0	004478b0_FUN_004478b0.c	ok
004479b0	FUN_004479b0	004479b0_FUN_004479b0.c	ok
00448340	FUN_00448340	00448340_FUN_00448340.c	ok
00448390	FUN_00448390	00448390_FUN_00448390.c	ok
004483d0	FUN_004483d0	004483d0_FUN_004483d0.c	ok
00448410	FUN_00448410	00448410_FUN_00448410.c	ok
00448430	FUN_00448430	00448430_FUN_00448430.c	ok
00448450	FUN_00448450	00448450_FUN_00448450.c	ok
00448470	FUN_00448470	00448470_FUN_00448470.c	ok
00448640	FUN_00448640	00448640_FUN_00448640.c	ok
004486d0	FUN_004486d0	004486d0_FUN_004486d0.c	ok
00448760	FUN_00448760	00448760_FUN_00448760.c	ok
00448810	FUN_00448810	00448810_FUN_00448810.c	ok
00448816	FUN_00448816	00448816_FUN_00448816.c	ok
004488d0	FUN_004488d0	004488d0_FUN_004488d0.c	ok
00448910	FUN_00448910	00448910_FUN_00448910.c	ok
00448b30	FUN_00448b30	00448b30_FUN_00448b30.c	ok
00449870	FUN_00449870	00449870_FUN_00449870.c	ok
004498b0	FUN_004498b0	004498b0_FUN_004498b0.c	ok
004498e0	FUN_004498e0	004498e0_FUN_004498e0.c	ok
00449900	FUN_00449900	00449900_FUN_00449900.c	ok
00449950	FUN_00449950	00449950_FUN_00449950.c	ok
00449970	FUN_00449970	00449970_FUN_00449970.c	ok
00449c20	FUN_00449c20	00449c20_FUN_00449c20.c	ok
00449e90	FUN_00449e90	00449e90_FUN_00449e90.c	ok
0044a030	FUN_0044a030	0044a030_FUN_0044a030.c	ok
0044a190	FUN_0044a190	0044a190_FUN_0044a190.c	ok
0044a280	FUN_0044a280	0044a280_FUN_0044a280.c	ok
0044a2e0	FUN_0044a2e0	0044a2e0_FUN_0044a2e0.c	ok
0044a320	FUN_0044a320	0044a320_FUN_0044a320.c	ok
0044a380	FUN_0044a380	0044a380_FUN_0044a380.c	ok
0044a480	FUN_0044a480	0044a480_FUN_0044a480.c	ok
0044a4b0	FUN_0044a4b0	0044a4b0_FUN_0044a4b0.c	ok
0044a550	FUN_0044a550	0044a550_FUN_0044a550.c	ok
0044a5d0	FUN_0044a5d0	0044a5d0_FUN_0044a5d0.c	ok
0044a6c0	FUN_0044a6c0	0044a6c0_FUN_0044a6c0.c	ok
0044aa00	FUN_0044aa00	0044aa00_FUN_0044aa00.c	ok
0044ad30	FUN_0044ad30	0044ad30_FUN_0044ad30.c	ok
0044ade0	FUN_0044ade0	0044ade0_FUN_0044ade0.c	ok
0044ae10	FUN_0044ae10	0044ae10_FUN_0044ae10.c	ok
0044ae40	FUN_0044ae40	0044ae40_FUN_0044ae40.c	ok
0044ae80	FUN_0044ae80	0044ae80_FUN_0044ae80.c	ok
0044ae90	FUN_0044ae90	0044ae90_FUN_0044ae90.c	ok
0044aeb0	FUN_0044aeb0	0044aeb0_FUN_0044aeb0.c	ok
0044aee0	FUN_0044aee0	0044aee0_FUN_0044aee0.c	ok
0044b09e	FUN_0044b09e	0044b09e_FUN_0044b09e.c	ok
0044b248	FUN_0044b248	0044b248_FUN_0044b248.c	ok
0044b256	FUN_0044b256	0044b256_FUN_0044b256.c	ok
0044b320	FUN_0044b320	0044b320_FUN_0044b320.c	ok
0044b337	__startOneArgErrorHandling	0044b337___startOneArgErrorHandling.c	ok
0044b380	FUN_0044b380	0044b380_FUN_0044b380.c	ok
0044b395	FUN_0044b395	0044b395_FUN_0044b395.c	ok
0044b3ac	FUN_0044b3ac	0044b3ac_FUN_0044b3ac.c	ok
0044b3c5	__fload_withFB	0044b3c5___fload_withFB.c	ok
0044b408	FUN_0044b408	0044b408_FUN_0044b408.c	ok
0044b41e	FUN_0044b41e	0044b41e_FUN_0044b41e.c	ok
0044b42b	__math_exit	0044b42b___math_exit.c	ok
0044b469	FUN_0044b469	0044b469_FUN_0044b469.c	ok
0044b510	FUN_0044b510	0044b510_FUN_0044b510.c	ok
0044b740	FUN_0044b740	0044b740_FUN_0044b740.c	ok
0044b7d0	FUN_0044b7d0	0044b7d0_FUN_0044b7d0.c	ok
0044b7f0	FUN_0044b7f0	0044b7f0_FUN_0044b7f0.c	ok
0044b820	FUN_0044b820	0044b820_FUN_0044b820.c	ok
0044b8c0	FUN_0044b8c0	0044b8c0_FUN_0044b8c0.c	ok
0044b920	FUN_0044b920	0044b920_FUN_0044b920.c	ok
0044bbc0	FUN_0044bbc0	0044bbc0_FUN_0044bbc0.c	ok
0044bbe0	FUN_0044bbe0	0044bbe0_FUN_0044bbe0.c	ok
0044bc20	FUN_0044bc20	0044bc20_FUN_0044bc20.c	ok
0044bd10	FUN_0044bd10	0044bd10_FUN_0044bd10.c	ok
0044bdb0	FUN_0044bdb0	0044bdb0_FUN_0044bdb0.c	ok
0044bfc0	FUN_0044bfc0	0044bfc0_FUN_0044bfc0.c	ok
0044c120	FUN_0044c120	0044c120_FUN_0044c120.c	ok
0044c310	FUN_0044c310	0044c310_FUN_0044c310.c	ok
0044c360	FUN_0044c360	0044c360_FUN_0044c360.c	ok
0044c3c0	FUN_0044c3c0	0044c3c0_FUN_0044c3c0.c	ok
0044c3f0	FUN_0044c3f0	0044c3f0_FUN_0044c3f0.c	ok
0044c400	__global_unwind2	0044c400___global_unwind2.c	ok
0044c442	__local_unwind2	0044c442___local_unwind2.c	ok
0044c4d6	FUN_0044c4d6	0044c4d6_FUN_0044c4d6.c	ok
0044c5b5	FUN_0044c5b5	0044c5b5_FUN_0044c5b5.c	ok
0044c5d0	FUN_0044c5d0	0044c5d0_FUN_0044c5d0.c	ok
0044c610	FUN_0044c610	0044c610_FUN_0044c610.c	ok
0044c7f0	FUN_0044c7f0	0044c7f0_FUN_0044c7f0.c	ok
0044c830	FUN_0044c830	0044c830_FUN_0044c830.c	ok
0044c850	FUN_0044c850	0044c850_FUN_0044c850.c	ok
0044c8f0	FUN_0044c8f0	0044c8f0_FUN_0044c8f0.c	ok
0044c980	FUN_0044c980	0044c980_FUN_0044c980.c	ok
0044ca80	FUN_0044ca80	0044ca80_FUN_0044ca80.c	ok
0044caf0	FUN_0044caf0	0044caf0_FUN_0044caf0.c	ok
0044cb60	FUN_0044cb60	0044cb60_FUN_0044cb60.c	ok
0044cc00	FUN_0044cc00	0044cc00_FUN_0044cc00.c	ok
0044cc20	FUN_0044cc20	0044cc20_FUN_0044cc20.c	ok
0044cc30	FUN_0044cc30	0044cc30_FUN_0044cc30.c	ok
0044cc50	FUN_0044cc50	0044cc50_FUN_0044cc50.c	ok
0044cd10	FUN_0044cd10	0044cd10_FUN_0044cd10.c	ok
0044cee0	FUN_0044cee0	0044cee0_FUN_0044cee0.c	ok
0044cf00	FUN_0044cf00	0044cf00_FUN_0044cf00.c	ok
0044cf20	FUN_0044cf20	0044cf20_FUN_0044cf20.c	ok
0044cf60	FUN_0044cf60	0044cf60_FUN_0044cf60.c	ok
0044cfa0	FUN_0044cfa0	0044cfa0_FUN_0044cfa0.c	ok
0044d040	FUN_0044d040	0044d040_FUN_0044d040.c	ok
0044d0c0	FUN_0044d0c0	0044d0c0_FUN_0044d0c0.c	ok
0044d180	FUN_0044d180	0044d180_FUN_0044d180.c	ok
0044d1f0	FUN_0044d1f0	0044d1f0_FUN_0044d1f0.c	ok
0044d270	__aulldiv	0044d270___aulldiv.c	ok
0044d2e0	__aullrem	0044d2e0___aullrem.c	ok
0044d360	FUN_0044d360	0044d360_FUN_0044d360.c	ok
0044d380	FUN_0044d380	0044d380_FUN_0044d380.c	ok
0044d740	FUN_0044d740	0044d740_FUN_0044d740.c	ok
0044d960	FUN_0044d960	0044d960_FUN_0044d960.c	ok
0044d990	FUN_0044d990	0044d990_FUN_0044d990.c	ok
0044dac0	FUN_0044dac0	0044dac0_FUN_0044dac0.c	ok
0044dbc0	FUN_0044dbc0	0044dbc0_FUN_0044dbc0.c	ok
0044dbf0	__allshl	0044dbf0___allshl.c	ok
0044dc10	FUN_0044dc10	0044dc10_FUN_0044dc10.c	ok
0044dca0	FUN_0044dca0	0044dca0_FUN_0044dca0.c	ok
0044de90	FUN_0044de90	0044de90_FUN_0044de90.c	ok
0044ded0	FUN_0044ded0	0044ded0_FUN_0044ded0.c	ok
0044df60	FUN_0044df60	0044df60_FUN_0044df60.c	ok
0044e751	FUN_0044e751	0044e751_FUN_0044e751.c	ok
0044ecf0	FUN_0044ecf0	0044ecf0_FUN_0044ecf0.c	ok
0044ee10	FUN_0044ee10	0044ee10_FUN_0044ee10.c	ok
0044ee30	FUN_0044ee30	0044ee30_FUN_0044ee30.c	ok
0044eec0	FUN_0044eec0	0044eec0_FUN_0044eec0.c	ok
0044eef0	FUN_0044eef0	0044eef0_FUN_0044eef0.c	ok
0044ef60	FUN_0044ef60	0044ef60_FUN_0044ef60.c	ok
0044ef90	FUN_0044ef90	0044ef90_FUN_0044ef90.c	ok
0044efc0	FUN_0044efc0	0044efc0_FUN_0044efc0.c	ok
0044f0c0	FUN_0044f0c0	0044f0c0_FUN_0044f0c0.c	ok
0044f850	FUN_0044f850	0044f850_FUN_0044f850.c	ok
0044fbe0	FUN_0044fbe0	0044fbe0_FUN_0044fbe0.c	ok
0044fd60	FUN_0044fd60	0044fd60_FUN_0044fd60.c	ok
0044fda0	FUN_0044fda0	0044fda0_FUN_0044fda0.c	ok
0044fe20	FUN_0044fe20	0044fe20_FUN_0044fe20.c	ok
004500e0	FUN_004500e0	004500e0_FUN_004500e0.c	ok
00450170	FUN_00450170	00450170_FUN_00450170.c	ok
004501f0	FUN_004501f0	004501f0_FUN_004501f0.c	ok
004504c0	FUN_004504c0	004504c0_FUN_004504c0.c	ok
004506d0	FUN_004506d0	004506d0_FUN_004506d0.c	ok
00450750	FUN_00450750	00450750_FUN_00450750.c	ok
004507c0	FUN_004507c0	004507c0_FUN_004507c0.c	ok
00450960	FUN_00450960	00450960_FUN_00450960.c	ok
00450a10	FUN_00450a10	00450a10_FUN_00450a10.c	ok
00450a60	RtlUnwind	00450a60_RtlUnwind.c	ok
00450a70	__strcmpi	00450a70___strcmpi.c	ok
00450b00	FUN_00450b00	00450b00_FUN_00450b00.c	ok
00450c10	FUN_00450c10	00450c10_FUN_00450c10.c	ok
00450cf0	FUN_00450cf0	00450cf0_FUN_00450cf0.c	ok
